bairro;cidade;preco;dados;referencia;tipo;dados;m² de área construída;m² de terreno;vaga;dormitório;suíte
SANTA MARIA;SAO CAETANO DO SUL;R$ 1.300.000,00;3 dormitórios - 1 suíte - 4 vagas - 320,00 m² de área construída - 500,00 m² de terreno;Ref.: 59761;CASA;3 dormitórios - 1 suíte - 4 vagas - 320,00 m² de área construída - 500,00 m² de terreno;320;500;4;3;1
SANTA MARIA;SAO CAETANO DO SUL;R$ 480.000,00;2 dormitórios - 1 vaga - 102,00 m² de área construída - 50,00 m² de terreno;Ref.: 61702;SOBRADO;2 dormitórios - 1 vaga - 102,00 m² de área construída - 50,00 m² de terreno;102;50;1;2;
BARCELONA;SAO CAETANO DO SUL;R$ 990.000,00;3 dormitórios - 3 suítes - 3 vagas - 211,00 m² de área construída - 200,00 m² de terreno;Ref.: 61395;SOBRADO;3 dormitórios - 3 suítes - 3 vagas - 211,00 m² de área construída - 200,00 m² de terreno;211;200;3;3;3
SANTA MARIA;SAO CAETANO DO SUL;R$ 1.100.000,00;2 dormitórios - 224,00 m² de área construída - 400,00 m² de terreno;Ref.: 61134;CASA;2 dormitórios - 224,00 m² de área construída - 400,00 m² de terreno;224;400;;2;
BARCELONA;SAO CAETANO DO SUL;R$ 800.000,00;3 dormitórios - 1 suíte - 4 vagas - 200,00 m² de área construída - 137,00 m² de terreno;Ref.: 61748;SOBRADO;3 dormitórios - 1 suíte - 4 vagas - 200,00 m² de área construída - 137,00 m² de terreno;200;137;4;3;1
CERAMICA;SAO CAETANO DO SUL;R$ 650.000,00;2 dormitórios - 3 vagas - 150,00 m² de área construída - 182,60 m² de terreno;Ref.: 61668;CASA;2 dormitórios - 3 vagas - 150,00 m² de área construída - 182,60 m² de terreno;150;182,6;3;2;
OLIMPICO;SAO CAETANO DO SUL;R$ 636.000,00;2 dormitórios - 2 vagas - 133,00 m² de área construída - 100,00 m² de terreno;Ref.: 62215;SOBRADO;2 dormitórios - 2 vagas - 133,00 m² de área construída - 100,00 m² de terreno;133;100;2;2;
SANTA MARIA;SAO CAETANO DO SUL;R$ 1.060.000,00;3 dormitórios - 3 suítes - 3 vagas - 231,00 m² de área construída - 146,37 m² de terreno;Ref.: 62213;SOBRADO;3 dormitórios - 3 suítes - 3 vagas - 231,00 m² de área construída - 146,37 m² de terreno;231;146,37;3;3;3
BARCELONA;SAO CAETANO DO SUL;R$ 1.350.000,00;4 dormitórios - 4 suítes - 6 vagas - 226,00 m² de área construída - 500,00 m² de terreno;Ref.: 61900;CASA;4 dormitórios - 4 suítes - 6 vagas - 226,00 m² de área construída - 500,00 m² de terreno;226;500;6;4;4
NOVA GERTI;SAO CAETANO DO SUL;R$ 750.000,00;2 dormitórios - 8 vagas - 200,00 m² de área construída - 480,00 m² de terreno;Ref.: 62077;CASA;2 dormitórios - 8 vagas - 200,00 m² de área construída - 480,00 m² de terreno;200;480;8;2;
SANTA MARIA;SAO CAETANO DO SUL;R$ 950.000,00;3 dormitórios - 8 vagas - 230,00 m² de área construída - 610,00 m² de terreno;Ref.: 61622;SOBRADO;3 dormitórios - 8 vagas - 230,00 m² de área construída - 610,00 m² de terreno;230;610;8;3;
OLIMPICO;SAO CAETANO DO SUL;R$ 600.000,00;3 dormitórios - 2 vagas - 119,00 m² de área construída - 203,00 m² de terreno;Ref.: 61780;CASA;3 dormitórios - 2 vagas - 119,00 m² de área construída - 203,00 m² de terreno;119;203;2;3;
OLIMPICO;SAO CAETANO DO SUL;R$ 1.300.000,00;3 dormitórios - 3 suítes - 4 vagas - 300,00 m² de área construída - 189,00 m² de terreno;Ref.: 58806;SOBRADO;3 dormitórios - 3 suítes - 4 vagas - 300,00 m² de área construída - 189,00 m² de terreno;300;189;4;3;3
BARCELONA;SAO CAETANO DO SUL;R$ 1.050.000,00;3 dormitórios - 2 suítes - 6 vagas - 350,00 m² de área construída - 250,00 m² de terreno;Ref.: 61427;SOBRADO;3 dormitórios - 2 suítes - 6 vagas - 350,00 m² de área construída - 250,00 m² de terreno;350;250;6;3;2
SANTA MARIA;SAO CAETANO DO SUL;R$ 1.100.000,00;3 dormitórios - 3 suítes - 8 vagas - 400,00 m² de área construída - 200,00 m² de terreno;Ref.: 59542;SOBRADO;3 dormitórios - 3 suítes - 8 vagas - 400,00 m² de área construída - 200,00 m² de terreno;400;200;8;3;3
SANTA MARIA;SAO CAETANO DO SUL;R$ 595.000,00;3 dormitórios - 1 suíte - 3 vagas - 160,00 m² de área construída - 70,00 m² de terreno;Ref.: 62082;SOBRADO;3 dormitórios - 1 suíte - 3 vagas - 160,00 m² de área construída - 70,00 m² de terreno;160;70;3;3;1
BARCELONA;SAO CAETANO DO SUL;R$ 300.000,00;2 dormitórios - 1 vaga - 80,00 m² de área construída - 48,00 m² de terreno;Ref.: 62189;SOBRADO;2 dormitórios - 1 vaga - 80,00 m² de área construída - 48,00 m² de terreno;80;48;1;2;
BARCELONA;SAO CAETANO DO SUL;R$ 1.800.000,00;3 dormitórios - 1 suíte - 5 vagas - 451,00 m² de área construída - 480,00 m² de terreno;Ref.: 61912;CASA;3 dormitórios - 1 suíte - 5 vagas - 451,00 m² de área construída - 480,00 m² de terreno;451;480;5;3;1
BARCELONA;SAO CAETANO DO SUL;R$ 950.000,00;3 dormitórios - 3 suítes - 3 vagas - 230,00 m² de área construída - 200,00 m² de terreno;Ref.: 61410;SOBRADO;3 dormitórios - 3 suítes - 3 vagas - 230,00 m² de área construída - 200,00 m² de terreno;230;200;3;3;3
OSVALDO CRUZ;SAO CAETANO DO SUL;R$ 765.000,00;2 dormitórios - 3 vagas - 135,00 m² de área construída - 143,00 m² de terreno;Ref.: 60889;CASA;2 dormitórios - 3 vagas - 135,00 m² de área construída - 143,00 m² de terreno;135;143;3;2;
BARCELONA;SAO CAETANO DO SUL;R$ 300.000,00;2 dormitórios - 80,00 m² de área construída - 48,00 m² de terreno;Ref.: 62055;SOBRADO;2 dormitórios - 80,00 m² de área construída - 48,00 m² de terreno;80;48;;2;
SANTA MARIA;SAO CAETANO DO SUL;R$ 1.200.000,00;4 dormitórios - 2 suítes - 4 vagas - 227,00 m² de área construída - 180,00 m² de terreno;Ref.: 61687;SOBRADO;4 dormitórios - 2 suítes - 4 vagas - 227,00 m² de área construída - 180,00 m² de terreno;227;180;4;4;2
SANTA MARIA;SAO CAETANO DO SUL;R$ 1.500.000,00;4 dormitórios - 1 suíte - 4 vagas - 280,00 m² de área construída - 400,00 m² de terreno;Ref.: 61888;CASA;4 dormitórios - 1 suíte - 4 vagas - 280,00 m² de área construída - 400,00 m² de terreno;280;400;4;4;1
BARCELONA;SAO CAETANO DO SUL;R$ 480.000,00;3 dormitórios - 1 suíte - 1 vaga - 130,00 m² de área construída - 74,00 m² de terreno;Ref.: 61762;SOBRADO;3 dormitórios - 1 suíte - 1 vaga - 130,00 m² de área construída - 74,00 m² de terreno;130;74;1;3;1
BARCELONA;SAO CAETANO DO SUL;R$ 300.000,00;2 dormitórios - 1 vaga - 80,00 m² de área construída - 48,00 m² de terreno;Ref.: 62085;SOBRADO;2 dormitórios - 1 vaga - 80,00 m² de área construída - 48,00 m² de terreno;80;48;1;2;
OSVALDO CRUZ;SAO CAETANO DO SUL;R$ 450.000,00;3 dormitórios - 1 vaga - 130,00 m² de área construída - 74,00 m² de terreno;Ref.: 62397;SOBRADO;3 dormitórios - 1 vaga - 130,00 m² de área construída - 74,00 m² de terreno;130;74;1;3;
SANTA MARIA;SAO CAETANO DO SUL;R$ 800.000,00;4 dormitórios - 1 suíte - 6 vagas - 370,00 m² de área construída - 500,00 m² de terreno;Ref.: 56911;SOBRADO;4 dormitórios - 1 suíte - 6 vagas - 370,00 m² de área construída - 500,00 m² de terreno;370;500;6;4;1
BARCELONA;SAO CAETANO DO SUL;R$ 1.272.000,00;3 dormitórios - 1 suíte - 2 vagas - 283,80 m² de área construída - 205,00 m² de terreno;Ref.: 61009;SOBRADO;3 dormitórios - 1 suíte - 2 vagas - 283,80 m² de área construída - 205,00 m² de terreno;283,8;205;2;3;1
SANTA PAULA;SAO CAETANO DO SUL;R$ 700.000,00;3 dormitórios - 1 suíte - 1 vaga - 173,00 m² de área construída - 110,00 m² de terreno;Ref.: 61476;SOBRADO;3 dormitórios - 1 suíte - 1 vaga - 173,00 m² de área construída - 110,00 m² de terreno;173;110;1;3;1
BARCELONA;SAO CAETANO DO SUL;R$ 800.000,00;2 dormitórios - 6 vagas - 160,00 m² de área construída - 220,00 m² de terreno;Ref.: 62410;CASA TERREA;2 dormitórios - 6 vagas - 160,00 m² de área construída - 220,00 m² de terreno;160;220;6;2;
SANTA MARIA;SAO CAETANO DO SUL;R$ 490.000,00;2 dormitórios - 2 vagas - 130,00 m² de terreno;Ref.: 61229;CASA;2 dormitórios - 2 vagas - 130,00 m² de terreno;;130;2;2;
SANTA MARIA;SAO CAETANO DO SUL;R$ 910.000,00;3 dormitórios - 1 suíte - 1 vaga - 200,00 m² de área construída - 500,00 m² de terreno;Ref.: 59084;CASA TERREA;3 dormitórios - 1 suíte - 1 vaga - 200,00 m² de área construída - 500,00 m² de terreno;200;500;1;3;1
SANTA MARIA;SAO CAETANO DO SUL;R$ 590.000,00;3 dormitórios - 1 vaga - 173,00 m² de área construída - 120,00 m² de terreno;Ref.: 62129;SOBRADO;3 dormitórios - 1 vaga - 173,00 m² de área construída - 120,00 m² de terreno;173;120;1;3;
SANTA MARIA;SAO CAETANO DO SUL;R$ 640.000,00;2 dormitórios - 2 vagas - 179,00 m² de área construída - 126,00 m² de terreno;Ref.: 62411;SOBRADO;2 dormitórios - 2 vagas - 179,00 m² de área construída - 126,00 m² de terreno;179;126;2;2;
OLIMPICO;SAO CAETANO DO SUL;R$ 700.000,00;3 dormitórios - 1 suíte - 2 vagas - 250,00 m² de área construída - 106,00 m² de terreno;Ref.: 62406;SOBRADO;3 dormitórios - 1 suíte - 2 vagas - 250,00 m² de área construída - 106,00 m² de terreno;250;106;2;3;1
BARCELONA;SAO CAETANO DO SUL;R$ 450.000,00;3 dormitórios - 1 vaga - 109,00 m² de área construída - 66,70 m² de terreno;Ref.: 62127;SOBRADO;3 dormitórios - 1 vaga - 109,00 m² de área construída - 66,70 m² de terreno;109;66,7;1;3;
SANTA MARIA;SAO CAETANO DO SUL;R$ 730.000,00;3 dormitórios - 1 suíte - 2 vagas - 196,00 m² de área construída - 116,00 m² de terreno;Ref.: 61689;SOBRADO;3 dormitórios - 1 suíte - 2 vagas - 196,00 m² de área construída - 116,00 m² de terreno;196;116;2;3;1
BARCELONA;SAO CAETANO DO SUL;R$ 850.000,00;3 dormitórios - 3 suítes - 2 vagas - 280,00 m² de área construída - 215,00 m² de terreno;Ref.: 61796;SOBRADO;3 dormitórios - 3 suítes - 2 vagas - 280,00 m² de área construída - 215,00 m² de terreno;280;215;2;3;3
SAO JOSE;SAO CAETANO DO SUL;R$ 750.000,00;3 dormitórios - 2 vagas - 160,00 m² de área construída - 132,00 m² de terreno;Ref.: 60439;SOBRADO;3 dormitórios - 2 vagas - 160,00 m² de área construída - 132,00 m² de terreno;160;132;2;3;
BARCELONA;SAO CAETANO DO SUL;R$ 470.000,00;2 dormitórios - 1 suíte - 2 vagas - 113,00 m² de área construída - 66,40 m² de terreno;Ref.: 60716;SOBRADO;2 dormitórios - 1 suíte - 2 vagas - 113,00 m² de área construída - 66,40 m² de terreno;113;66,4;2;2;1
BARCELONA;SAO CAETANO DO SUL;R$ 980.000,00;3 dormitórios - 2 suítes - 5 vagas - 380,00 m² de área construída - 192,40 m² de terreno;Ref.: 62111;SOBRADO;3 dormitórios - 2 suítes - 5 vagas - 380,00 m² de área construída - 192,40 m² de terreno;380;192,4;5;3;2
OLIMPICO;SAO CAETANO DO SUL;R$ 750.000,00;4 dormitórios - 2 vagas - 216,00 m² de área construída - 275,00 m² de terreno;Ref.: 61662;CASA TERREA;4 dormitórios - 2 vagas - 216,00 m² de área construída - 275,00 m² de terreno;216;275;2;4;
JARDIM SAO CAETANO;SAO CAETANO DO SUL;R$ 2.900.000,00;4 dormitórios - 4 suítes - 352,00 m² de área construída - 408,00 m² de terreno;Ref.: 62065;SOBRADO;4 dormitórios - 4 suítes - 352,00 m² de área construída - 408,00 m² de terreno;352;408;;4;4
BOA VISTA;SAO CAETANO DO SUL;R$ 520.000,00;2 dormitórios - 1 suíte - 2 vagas - 139,00 m² de área construída - 122,85 m² de terreno;Ref.: 61370;SOBRADO;2 dormitórios - 1 suíte - 2 vagas - 139,00 m² de área construída - 122,85 m² de terreno;139;122,85;2;2;1
OLIMPICO;SAO CAETANO DO SUL;R$ 700.000,00;2 dormitórios - 5 vagas - 340,00 m² de área construída - 168,00 m² de terreno;Ref.: 61930;CASA;2 dormitórios - 5 vagas - 340,00 m² de área construída - 168,00 m² de terreno;340;168;5;2;
SANTA MARIA;SAO CAETANO DO SUL;R$ 800.000,00;3 dormitórios - 1 suíte - 2 vagas - 310,00 m² de área construída - 300,00 m² de terreno;Ref.: 60924;CASA;3 dormitórios - 1 suíte - 2 vagas - 310,00 m² de área construída - 300,00 m² de terreno;310;300;2;3;1
NOVA GERTI;SAO CAETANO DO SUL;R$ 750.000,00;4 dormitórios - 1 suíte - 4 vagas - 202,00 m² de área construída - 140,00 m² de terreno;Ref.: 61671;SOBRADO;4 dormitórios - 1 suíte - 4 vagas - 202,00 m² de área construída - 140,00 m² de terreno;202;140;4;4;1
OLIMPICO;SAO CAETANO DO SUL;R$ 1.000.000,00;3 dormitórios - 1 suíte - 3 vagas - 226,00 m² de área construída - 171,00 m² de terreno;Ref.: 61484;SOBRADO;3 dormitórios - 1 suíte - 3 vagas - 226,00 m² de área construída - 171,00 m² de terreno;226;171;3;3;1
SANTO ANTONIO;SAO CAETANO DO SUL;R$ 630.000,00;3 dormitórios - 1 vaga - 80,00 m² de área construída - 100,00 m² de terreno;Ref.: 60718;CASA;3 dormitórios - 1 vaga - 80,00 m² de área construída - 100,00 m² de terreno;80;100;1;3;
JARDIM SAO CAETANO;SAO CAETANO DO SUL;R$ 1.600.000,00;4 dormitórios - 4 suítes - 2 vagas;Ref.: 61472;CASA;4 dormitórios - 4 suítes - 2 vagas;;;2;4;4
SANTA MARIA;SAO CAETANO DO SUL;R$ 850.000,00;2 dormitórios - 2 vagas - 178,00 m² de área construída - 231,00 m² de terreno;Ref.: 61887;SOBRADO;2 dormitórios - 2 vagas - 178,00 m² de área construída - 231,00 m² de terreno;178;231;2;2;
SANTA MARIA;SAO CAETANO DO SUL;R$ 1.300.000,00;3 dormitórios - 1 suíte - 4 vagas - 400,00 m² de área construída - 500,00 m² de terreno;Ref.: 62201;CASA TERREA;3 dormitórios - 1 suíte - 4 vagas - 400,00 m² de área construída - 500,00 m² de terreno;400;500;4;3;1
BARCELONA;SAO CAETANO DO SUL;R$ 290.000,00;2 dormitórios - 102,00 m² de área construída - 51,00 m² de terreno;Ref.: 61261;SOBRADO;2 dormitórios - 102,00 m² de área construída - 51,00 m² de terreno;102;51;;2;
SANTA PAULA;SAO CAETANO DO SUL;R$ 470.000,00;2 dormitórios - 2 vagas - 120,00 m² de área construída - 140,00 m² de terreno;Ref.: 61369;CASA TERREA;2 dormitórios - 2 vagas - 120,00 m² de área construída - 140,00 m² de terreno;120;140;2;2;
BARCELONA;SAO CAETANO DO SUL;R$ 290.000,00;2 dormitórios - 102,00 m² de área construída - 51,00 m² de terreno;Ref.: 61261;SOBRADO;2 dormitórios - 102,00 m² de área construída - 51,00 m² de terreno;102;51;;2;
OLIMPICO;SAO CAETANO DO SUL;R$ 500.000,00;2 dormitórios - 1 vaga - 250,00 m² de área construída - 146,00 m² de terreno;Ref.: 62034;CASA;2 dormitórios - 1 vaga - 250,00 m² de área construída - 146,00 m² de terreno;250;146;1;2;
SANTA PAULA;SAO CAETANO DO SUL;R$ 1.120.000,00;3 dormitórios - 8 vagas - 230,00 m² de área construída - 238,00 m² de terreno;Ref.: 62311;SOBRADO;3 dormitórios - 8 vagas - 230,00 m² de área construída - 238,00 m² de terreno;230;238;8;3;
NOVA GERTI;SAO CAETANO DO SUL;R$ 800.000,00;2 dormitórios - 1 suíte - 3 vagas - 128,00 m² de área construída - 300,00 m² de terreno;Ref.: 62413;CASA TERREA;2 dormitórios - 1 suíte - 3 vagas - 128,00 m² de área construída - 300,00 m² de terreno;128;300;3;2;1
SANTA PAULA;SAO CAETANO DO SUL;R$ 2.200.000,00;3 dormitórios - 1 suíte - 7 vagas - 320,00 m² de área construída - 400,00 m² de terreno;Ref.: 59288;CASA;3 dormitórios - 1 suíte - 7 vagas - 320,00 m² de área construída - 400,00 m² de terreno;320;400;7;3;1
BARCELONA;SAO CAETANO DO SUL;R$ 1.550.000,00;1 dormitório - 4 vagas - 250,00 m² de área construída - 264,00 m² de terreno;Ref.: 60928;CASA COMERCIAL;1 dormitório - 4 vagas - 250,00 m² de área construída - 264,00 m² de terreno;250;264;4;1;
OLIMPICO;SAO CAETANO DO SUL;R$ 950.000,00;3 dormitórios - 1 suíte - 3 vagas - 190,00 m² de área construída - 205,00 m² de terreno;Ref.: 61979;CASA;3 dormitórios - 1 suíte - 3 vagas - 190,00 m² de área construída - 205,00 m² de terreno;190;205;3;3;1
OLIMPICO;SAO CAETANO DO SUL;R$ 650.000,00;3 dormitórios - 1 suíte - 2 vagas - 140,00 m² de área construída - 196,00 m² de terreno;Ref.: 61448;CASA;3 dormitórios - 1 suíte - 2 vagas - 140,00 m² de área construída - 196,00 m² de terreno;140;196;2;3;1
JARDIM SAO CAETANO;SAO CAETANO DO SUL;R$ 2.900.000,00;4 dormitórios - 4 suítes - 352,00 m² de área construída - 408,00 m² de terreno;Ref.: 62065;SOBRADO;4 dormitórios - 4 suítes - 352,00 m² de área construída - 408,00 m² de terreno;352;408;;4;4
CENTRO;SAO CAETANO DO SUL;R$ 900.000,00;2 dormitórios - 5 vagas - 150,00 m² de área construída - 271,00 m² de terreno;Ref.: 61742;CASA;2 dormitórios - 5 vagas - 150,00 m² de área construída - 271,00 m² de terreno;150;271;5;2;
FUNDACAO;SAO CAETANO DO SUL;R$ 650.000,00;2 dormitórios - 2 vagas - 100,00 m² de área construída - 175,00 m² de terreno;Ref.: 62418;CASA TERREA;2 dormitórios - 2 vagas - 100,00 m² de área construída - 175,00 m² de terreno;100;175;2;2;
NOVA GERTI;SAO CAETANO DO SUL;R$ 600.000,00;2 dormitórios - 2 vagas - 100,00 m² de área construída - 225,00 m² de terreno;Ref.: 61858;CASA;2 dormitórios - 2 vagas - 100,00 m² de área construída - 225,00 m² de terreno;100;225;2;2;
BARCELONA;SAO CAETANO DO SUL;R$ 900.000,00;3 dormitórios - 1 suíte - 3 vagas - 145,00 m² de área construída - 200,00 m² de terreno;Ref.: 62123;CASA;3 dormitórios - 1 suíte - 3 vagas - 145,00 m² de área construída - 200,00 m² de terreno;145;200;3;3;1
BARCELONA;SAO CAETANO DO SUL;R$ 950.000,00;3 dormitórios - 1 suíte - 3 vagas - 214,00 m² de área construída - 150,00 m² de terreno;Ref.: 62112;SOBRADO;3 dormitórios - 1 suíte - 3 vagas - 214,00 m² de área construída - 150,00 m² de terreno;214;150;3;3;1
OLIMPICO;SAO CAETANO DO SUL;R$ 850.000,00;3 dormitórios - 3 vagas - 210,00 m² de área construída - 227,50 m² de terreno;Ref.: 62337;SOBRADO;3 dormitórios - 3 vagas - 210,00 m² de área construída - 227,50 m² de terreno;210;227,5;3;3;
SANTA PAULA;SAO CAETANO DO SUL;R$ 640.000,00;3 dormitórios - 1 suíte - 2 vagas - 129,00 m² de área construída - 71,40 m² de terreno;Ref.: 61822;SOBRADO;3 dormitórios - 1 suíte - 2 vagas - 129,00 m² de área construída - 71,40 m² de terreno;129;71,4;2;3;1
CERAMICA;SAO CAETANO DO SUL;R$ 600.000,00;3 dormitórios - 1 suíte - 2 vagas - 177,00 m² de área construída - 144,00 m² de terreno;Ref.: 62022;SOBRADO;3 dormitórios - 1 suíte - 2 vagas - 177,00 m² de área construída - 144,00 m² de terreno;177;144;2;3;1
OLIMPICO;SAO CAETANO DO SUL;R$ 540.000,00;2 dormitórios - 2 vagas - 128,00 m² de área construída - 210,00 m² de terreno;Ref.: 60324;CASA;2 dormitórios - 2 vagas - 128,00 m² de área construída - 210,00 m² de terreno;128;210;2;2;
BARCELONA;SAO CAETANO DO SUL;R$ 1.100.000,00;2 dormitórios - 1 suíte - 2 vagas - 400,00 m² de área construída - 210,00 m² de terreno;Ref.: 61972;SOBRADO;2 dormitórios - 1 suíte - 2 vagas - 400,00 m² de área construída - 210,00 m² de terreno;400;210;2;2;1
SANTA PAULA;SAO CAETANO DO SUL;R$ 800.000,00;2 dormitórios - 2 vagas - 204,00 m² de área construída - 153,00 m² de terreno;Ref.: 61679;SOBRADO;2 dormitórios - 2 vagas - 204,00 m² de área construída - 153,00 m² de terreno;204;153;2;2;
BARCELONA;SAO CAETANO DO SUL;R$ 850.000,00;4 dormitórios - 4 suítes - 4 vagas - 300,00 m² de área construída - 175,00 m² de terreno;Ref.: 60509;SOBRADO;4 dormitórios - 4 suítes - 4 vagas - 300,00 m² de área construída - 175,00 m² de terreno;300;175;4;4;4
SANTA MARIA;SAO CAETANO DO SUL;R$ 400.000,00;2 dormitórios - 80,00 m² de área construída - 120,00 m² de terreno;Ref.: 62038;CASA;2 dormitórios - 80,00 m² de área construída - 120,00 m² de terreno;80;120;;2;
MAUA;SAO CAETANO DO SUL;R$ 1.000.000,00;4 dormitórios - 1 suíte - 4 vagas - 449,00 m² de área construída - 330,00 m² de terreno;Ref.: 61026;SOBRADO;4 dormitórios - 1 suíte - 4 vagas - 449,00 m² de área construída - 330,00 m² de terreno;449;330;4;4;1
SANTA MARIA;SAO CAETANO DO SUL;R$ 1.500.000,00;3 dormitórios - 1 suíte - 8 vagas - 500,00 m² de área construída - 500,00 m² de terreno;Ref.: 60551;CASA;3 dormitórios - 1 suíte - 8 vagas - 500,00 m² de área construída - 500,00 m² de terreno;500;500;8;3;1
SANTA MARIA;SAO CAETANO DO SUL;R$ 600.000,00;2 dormitórios - 1 suíte - 1 vaga - 150,00 m² de área construída - 58,17 m² de terreno;Ref.: 61790;SOBRADO;2 dormitórios - 1 suíte - 1 vaga - 150,00 m² de área construída - 58,17 m² de terreno;150;58,17;1;2;1
SANTA PAULA;SAO CAETANO DO SUL;R$ 890.000,00;3 dormitórios - 3 suítes - 2 vagas - 222,00 m² de área construída - 117,00 m² de terreno;Ref.: 62194;SOBRADO;3 dormitórios - 3 suítes - 2 vagas - 222,00 m² de área construída - 117,00 m² de terreno;222;117;2;3;3
BARCELONA;SAO CAETANO DO SUL;R$ 1.850.000,00;3 dormitórios - 3 suítes - 6 vagas - 360,00 m² de área construída;Ref.: 62299;SOBRADO;3 dormitórios - 3 suítes - 6 vagas - 360,00 m² de área construída;360;;6;3;3
BARCELONA;SAO CAETANO DO SUL;R$ 600.000,00;2 dormitórios - 2 vagas - 154,00 m² de área construída - 240,00 m² de terreno;Ref.: 62107;CASA;2 dormitórios - 2 vagas - 154,00 m² de área construída - 240,00 m² de terreno;154;240;2;2;
SANTA MARIA;SAO CAETANO DO SUL;R$ 1.500.000,00;3 dormitórios - 1 suíte - 14 vagas - 400,00 m² de área construída - 400,00 m² de terreno;Ref.: 59814;CASA;3 dormitórios - 1 suíte - 14 vagas - 400,00 m² de área construída - 400,00 m² de terreno;400;400;4;3;1
SANTA PAULA;SAO CAETANO DO SUL;R$ 1.260.000,00;2 dormitórios - 3 vagas - 260,00 m² de área construída - 306,00 m² de terreno;Ref.: 60337;SOBRADO;2 dormitórios - 3 vagas - 260,00 m² de área construída - 306,00 m² de terreno;260;306;3;2;
BARCELONA;SAO CAETANO DO SUL;R$ 600.000,00;1 dormitório - 3 vagas - 140,00 m² de área construída - 200,00 m² de terreno;Ref.: 62167;CASA;1 dormitório - 3 vagas - 140,00 m² de área construída - 200,00 m² de terreno;140;200;3;1;
FUNDACAO;SAO CAETANO DO SUL;R$ 540.000,00;2 dormitórios - 120,00 m² de área construída - 200,00 m² de terreno;Ref.: 60797;CASA;2 dormitórios - 120,00 m² de área construída - 200,00 m² de terreno;120;200;;2;
SANTA MARIA;SAO CAETANO DO SUL;R$ 850.000,00;3 dormitórios - 3 vagas - 400,00 m² de terreno;Ref.: 59868;SOBRADO;3 dormitórios - 3 vagas - 400,00 m² de terreno;;400;3;3;
OLIMPICO;SAO CAETANO DO SUL;R$ 750.000,00;2 dormitórios - 2 suítes - 2 vagas - 155,00 m² de área construída - 196,00 m² de terreno;Ref.: 60626;CASA;2 dormitórios - 2 suítes - 2 vagas - 155,00 m² de área construída - 196,00 m² de terreno;155;196;2;2;2
OSVALDO CRUZ;SAO CAETANO DO SUL;R$ 1.600.000,00;3 dormitórios - 3 suítes - 6 vagas;Ref.: 62100;SOBRADO;3 dormitórios - 3 suítes - 6 vagas;;;6;3;3
SANTA MARIA;SAO CAETANO DO SUL;R$ 510.000,00;2 dormitórios - 1 suíte - 6 vagas - 113,00 m² de área construída - 205,00 m² de terreno;Ref.: 62144;CASA;2 dormitórios - 1 suíte - 6 vagas - 113,00 m² de área construída - 205,00 m² de terreno;113;205;6;2;1
OLIMPICO;SAO CAETANO DO SUL;R$ 690.000,00;3 dormitórios - 1 suíte - 2 vagas - 212,00 m² de área construída - 125,00 m² de terreno;Ref.: 62264;SOBRADO;3 dormitórios - 1 suíte - 2 vagas - 212,00 m² de área construída - 125,00 m² de terreno;212;125;2;3;1
OLIMPICO;SAO CAETANO DO SUL;R$ 630.000,00;3 dormitórios - 2 vagas - 130,00 m² de área construída - 192,00 m² de terreno;Ref.: 62003;CASA;3 dormitórios - 2 vagas - 130,00 m² de área construída - 192,00 m² de terreno;130;192;2;3;
PROSPERIDADE;SAO CAETANO DO SUL;R$ 1.100.000,00;4 dormitórios - 3 suítes - 8 vagas - 198,00 m² de área construída - 430,00 m² de terreno;Ref.: 61519;CASA;4 dormitórios - 3 suítes - 8 vagas - 198,00 m² de área construída - 430,00 m² de terreno;198;430;8;4;3
BOA VISTA;SAO CAETANO DO SUL;R$ 1.400.000,00;3 dormitórios - 1 vaga - 380,00 m² de área construída - 500,00 m² de terreno;Ref.: 62243;CASA TERREA;3 dormitórios - 1 vaga - 380,00 m² de área construída - 500,00 m² de terreno;380;500;1;3;
OLIMPICO;SAO CAETANO DO SUL;R$ 520.000,00;3 dormitórios - 1 vaga;Ref.: 03227;SOBRADO;3 dormitórios - 1 vaga;;;1;3;
OLIMPICO;SAO CAETANO DO SUL;R$ 1.200.000,00;3 dormitórios - 3 suítes - 7 vagas - 440,00 m² de área construída - 210,00 m² de terreno;Ref.: 62086;SOBRADO;3 dormitórios - 3 suítes - 7 vagas - 440,00 m² de área construída - 210,00 m² de terreno;440;210;7;3;3
OSVALDO CRUZ;SAO CAETANO DO SUL;R$ 650.000,00;2 dormitórios - 2 vagas - 156,00 m² de área construída - 176,50 m² de terreno;Ref.: 60929;CASA;2 dormitórios - 2 vagas - 156,00 m² de área construída - 176,50 m² de terreno;156;176,5;2;2;
SANTO ANTONIO;SAO CAETANO DO SUL;R$ 1.350.000,00;3 dormitórios - 4 vagas - 500,00 m² de área construída - 298,85 m² de terreno;Ref.: 62273;CASA;3 dormitórios - 4 vagas - 500,00 m² de área construída - 298,85 m² de terreno;500;298,85;4;3;
SANTA MARIA;SAO CAETANO DO SUL;R$ 950.000,00;3 dormitórios - 6 vagas - 187,00 m² de área construída - 500,00 m² de terreno;Ref.: 61467;CASA;3 dormitórios - 6 vagas - 187,00 m² de área construída - 500,00 m² de terreno;187;500;6;3;
SANTA MARIA;SAO CAETANO DO SUL;R$ 830.000,00;3 dormitórios - 3 suítes - 3 vagas - 155,00 m² de área construída - 132,00 m² de terreno;Ref.: 61992;SOBRADO;3 dormitórios - 3 suítes - 3 vagas - 155,00 m² de área construída - 132,00 m² de terreno;155;132;3;3;3
NOVA GERTI;SAO CAETANO DO SUL;R$ 750.000,00;3 dormitórios - 1 vaga - 240,00 m² de área construída - 324,00 m² de terreno;Ref.: 62235;CASA TERREA;3 dormitórios - 1 vaga - 240,00 m² de área construída - 324,00 m² de terreno;240;324;1;3;
OLIMPICO;SAO CAETANO DO SUL;R$ 1.350.000,00;3 dormitórios - 3 suítes - 6 vagas - 350,00 m² de área construída - 196,00 m² de terreno;Ref.: 61135;SOBRADO;3 dormitórios - 3 suítes - 6 vagas - 350,00 m² de área construída - 196,00 m² de terreno;350;196;6;3;3
PROSPERIDADE;SAO CAETANO DO SUL;R$ 1.300.000,00;4 dormitórios - 1 suíte - 8 vagas - 230,00 m² de área construída - 450,00 m² de terreno;Ref.: 61493;CASA TERREA;4 dormitórios - 1 suíte - 8 vagas - 230,00 m² de área construída - 450,00 m² de terreno;230;450;8;4;1
JARDIM SAO CAETANO;SAO CAETANO DO SUL;R$ 1.700.000,00;4 dormitórios - 3 suítes - 5 vagas - 300,00 m² de área construída - 360,00 m² de terreno;Ref.: 60705;SOBRADO;4 dormitórios - 3 suítes - 5 vagas - 300,00 m² de área construída - 360,00 m² de terreno;300;360;5;4;3
SANTA PAULA;SAO CAETANO DO SUL;R$ 600.000,00;2 dormitórios - 2 vagas - 111,00 m² de área construída - 100,00 m² de terreno;Ref.: 59469;CASA;2 dormitórios - 2 vagas - 111,00 m² de área construída - 100,00 m² de terreno;111;100;2;2;
BARCELONA;SAO CAETANO DO SUL;R$ 2.400.000,00;4 dormitórios - 1 suíte - 3 vagas - 500,00 m² de área construída - 700,00 m² de terreno;Ref.: 60649;CASA;4 dormitórios - 1 suíte - 3 vagas - 500,00 m² de área construída - 700,00 m² de terreno;500;700;3;4;1
BARCELONA;SAO CAETANO DO SUL;R$ 400.000,00;2 dormitórios - 1 vaga - 100,00 m² de área construída - 106,70 m² de terreno;Ref.: 62255;CASA TERREA;2 dormitórios - 1 vaga - 100,00 m² de área construída - 106,70 m² de terreno;100;106,7;1;2;
BARCELONA;SAO CAETANO DO SUL;R$ 1.400.000,00;3 dormitórios - 4 vagas - 214,00 m² de área construída - 456,00 m² de terreno;Ref.: 61828;SOBRADO;3 dormitórios - 4 vagas - 214,00 m² de área construída - 456,00 m² de terreno;214;456;4;3;
OLIMPICO;SAO CAETANO DO SUL;R$ 1.050.000,00;3 dormitórios - 3 suítes - 5 vagas - 279,00 m² de área construída - 160,00 m² de terreno;Ref.: 62327;SOBRADO;3 dormitórios - 3 suítes - 5 vagas - 279,00 m² de área construída - 160,00 m² de terreno;279;160;5;3;3
OSVALDO CRUZ;SAO CAETANO DO SUL;R$ 450.000,00;3 dormitórios - 2 vagas - 90,00 m² de área construída - 75,00 m² de terreno;Ref.: 62271;SOBRADO;3 dormitórios - 2 vagas - 90,00 m² de área construída - 75,00 m² de terreno;90;75;2;3;
OLIMPICO;SAO CAETANO DO SUL;R$ 850.000,00;3 dormitórios - 1 suíte - 1 vaga - 155,00 m² de área construída - 149,00 m² de terreno;Ref.: 61469;SOBRADO;3 dormitórios - 1 suíte - 1 vaga - 155,00 m² de área construída - 149,00 m² de terreno;155;149;1;3;1
SANTA MARIA;SAO CAETANO DO SUL;R$ 800.000,00;3 dormitórios - 1 suíte - 2 vagas - 210,00 m² de área construída - 143,00 m² de terreno;Ref.: 61995;SOBRADO;3 dormitórios - 1 suíte - 2 vagas - 210,00 m² de área construída - 143,00 m² de terreno;210;143;2;3;1
BOA VISTA;SAO CAETANO DO SUL;R$ 700.000,00;3 dormitórios - 3 suítes - 2 vagas - 123,00 m² de área construída - 71,40 m² de terreno;Ref.: 62179;SOBRADO;3 dormitórios - 3 suítes - 2 vagas - 123,00 m² de área construída - 71,40 m² de terreno;123;71,4;2;3;3
JARDIM SAO CAETANO;SAO CAETANO DO SUL;R$ 900.000,00;3 dormitórios - 1 suíte;Ref.: 61335;CASA;3 dormitórios - 1 suíte;;;;3;1
BARCELONA;SAO CAETANO DO SUL;R$ 1.200.000,00;1 dormitório - 5 vagas - 224,00 m² de área construída - 450,20 m² de terreno;Ref.: 59896;CASA;1 dormitório - 5 vagas - 224,00 m² de área construída - 450,20 m² de terreno;224;450,2;5;1;
BARCELONA;SAO CAETANO DO SUL;R$ 480.000,00;3 dormitórios - 2 vagas - 140,00 m² de área construída - 77,00 m² de terreno;Ref.: 62193;SOBRADO;3 dormitórios - 2 vagas - 140,00 m² de área construída - 77,00 m² de terreno;140;77;2;3;
MAUA;SAO CAETANO DO SUL;R$ 530.000,00;2 dormitórios - 2 vagas - 100,00 m² de área construída - 165,75 m² de terreno;Ref.: 62317;CASA TERREA;2 dormitórios - 2 vagas - 100,00 m² de área construída - 165,75 m² de terreno;100;165,75;2;2;
SANTA MARIA;SAO CAETANO DO SUL;R$ 500.000,00;3 dormitórios - 2 vagas - 99,00 m² de área construída - 60,42 m² de terreno;Ref.: 62047;SOBRADO;3 dormitórios - 2 vagas - 99,00 m² de área construída - 60,42 m² de terreno;99;60,42;2;3;
SANTA PAULA;SAO CAETANO DO SUL;R$ 1.320.000,00;3 dormitórios - 3 suítes - 6 vagas - 412,00 m² de área construída - 210,00 m² de terreno;Ref.: 61538;SOBRADO;3 dormitórios - 3 suítes - 6 vagas - 412,00 m² de área construída - 210,00 m² de terreno;412;210;6;3;3
OSVALDO CRUZ;SAO CAETANO DO SUL;R$ 900.000,00;3 dormitórios - 3 suítes - 4 vagas - 292,00 m² de área construída - 165,00 m² de terreno;Ref.: 62300;SOBRADO;3 dormitórios - 3 suítes - 4 vagas - 292,00 m² de área construída - 165,00 m² de terreno;292;165;4;3;3
SANTA MARIA;SAO CAETANO DO SUL;R$ 560.000,00;2 dormitórios - 2 vagas - 150,00 m² de área construída - 250,00 m² de terreno;Ref.: 62037;CASA;2 dormitórios - 2 vagas - 150,00 m² de área construída - 250,00 m² de terreno;150;250;2;2;
OLIMPICO;SAO CAETANO DO SUL;R$ 850.000,00;3 dormitórios - 1 suíte - 3 vagas - 228,00 m² de área construída - 111,60 m² de terreno;Ref.: 61936;SOBRADO;3 dormitórios - 1 suíte - 3 vagas - 228,00 m² de área construída - 111,60 m² de terreno;228;111,6;3;3;1
BARCELONA;SAO CAETANO DO SUL;R$ 550.000,00;4 dormitórios - 6 vagas - 311,00 m² de área construída - 164,75 m² de terreno;Ref.: 61722;SOBRADO;4 dormitórios - 6 vagas - 311,00 m² de área construída - 164,75 m² de terreno;311;164,75;6;4;
BARCELONA;SAO CAETANO DO SUL;R$ 900.000,00;3 dormitórios - 2 suítes - 2 vagas - 251,00 m² de área construída - 139,70 m² de terreno;Ref.: 61638;SOBRADO;3 dormitórios - 2 suítes - 2 vagas - 251,00 m² de área construída - 139,70 m² de terreno;251;139,7;2;3;2
SANTA MARIA;SAO CAETANO DO SUL;R$ 1.200.000,00;3 dormitórios - 5 vagas - 200,00 m² de área construída - 500,00 m² de terreno;Ref.: 60872;CASA;3 dormitórios - 5 vagas - 200,00 m² de área construída - 500,00 m² de terreno;200;500;5;3;
NOVA GERTI;SAO CAETANO DO SUL;R$ 630.000,00;3 dormitórios - 1 suíte - 2 vagas - 170,00 m² de área construída - 150,00 m² de terreno;Ref.: 62415;SOBRADO;3 dormitórios - 1 suíte - 2 vagas - 170,00 m² de área construída - 150,00 m² de terreno;170;150;2;3;1
SANTA MARIA;SAO CAETANO DO SUL;R$ 750.000,00;1 dormitório - 1 vaga - 250,00 m² de terreno;Ref.: 61798;CASA;1 dormitório - 1 vaga - 250,00 m² de terreno;;250;1;1;
BARCELONA;SAO CAETANO DO SUL;R$ 300.000,00;2 dormitórios - 1 vaga - 80,00 m² de área construída - 48,00 m² de terreno;Ref.: 62188;SOBRADO;2 dormitórios - 1 vaga - 80,00 m² de área construída - 48,00 m² de terreno;80;48;1;2;
BARCELONA;SAO CAETANO DO SUL;R$ 650.000,00;3 dormitórios - 1 suíte - 2 vagas - 199,00 m² de área construída - 150,00 m² de terreno;Ref.: 60117;SOBRADO;3 dormitórios - 1 suíte - 2 vagas - 199,00 m² de área construída - 150,00 m² de terreno;199;150;2;3;1
SANTA MARIA;SAO CAETANO DO SUL;R$ 590.000,00;2 dormitórios - 170,00 m² de área construída - 86,20 m² de terreno;Ref.: 62360;SOBRADO;2 dormitórios - 170,00 m² de área construída - 86,20 m² de terreno;170;86,2;;2;
SANTA MARIA;SAO CAETANO DO SUL;R$ 800.000,00;3 dormitórios - 1 suíte - 4 vagas - 286,00 m² de área construída - 197,00 m² de terreno;Ref.: 61385;SOBRADO;3 dormitórios - 1 suíte - 4 vagas - 286,00 m² de área construída - 197,00 m² de terreno;286;197;4;3;1
NOVA GERTI;SAO CAETANO DO SUL;R$ 850.000,00;3 dormitórios - 1 suíte - 3 vagas - 291,28 m² de área construída - 320,00 m² de terreno;Ref.: 62306;CASA TERREA;3 dormitórios - 1 suíte - 3 vagas - 291,28 m² de área construída - 320,00 m² de terreno;291,28;320;3;3;1
BARCELONA;SAO CAETANO DO SUL;R$ 850.000,00;3 dormitórios - 1 suíte - 3 vagas - 185,00 m² de área construída - 188,50 m² de terreno;Ref.: 61883;SOBRADO;3 dormitórios - 1 suíte - 3 vagas - 185,00 m² de área construída - 188,50 m² de terreno;185;188,5;3;3;1
BARCELONA;SAO CAETANO DO SUL;R$ 1.050.000,00;3 dormitórios - 1 suíte - 4 vagas - 341,00 m² de área construída - 175,00 m² de terreno;Ref.: 61754;CASA ASSOBRADADA;3 dormitórios - 1 suíte - 4 vagas - 341,00 m² de área construída - 175,00 m² de terreno;341;175;4;3;1
SANTA MARIA;SAO CAETANO DO SUL;R$ 800.000,00;4 dormitórios - 1 suíte - 7 vagas - 208,00 m² de área construída - 138,70 m² de terreno;Ref.: 62035;SOBRADO;4 dormitórios - 1 suíte - 7 vagas - 208,00 m² de área construída - 138,70 m² de terreno;208;138,7;7;4;1
SANTA MARIA;SAO CAETANO DO SUL;R$ 640.000,00;3 dormitórios - 4 vagas - 170,00 m² de área construída - 150,00 m² de terreno;Ref.: 61700;CASA;3 dormitórios - 4 vagas - 170,00 m² de área construída - 150,00 m² de terreno;170;150;4;3;
CERAMICA;SAO CAETANO DO SUL;R$ 1.400.000,00;3 dormitórios - 4 vagas - 300,00 m² de área construída - 322,00 m² de terreno;Ref.: 61825;CASA;3 dormitórios - 4 vagas - 300,00 m² de área construída - 322,00 m² de terreno;300;322;4;3;
BARCELONA;SAO CAETANO DO SUL;R$ 650.000,00;2 dormitórios - 1 suíte - 2 vagas - 202,00 m² de área construída - 115,00 m² de terreno;Ref.: 59801;CASA;2 dormitórios - 1 suíte - 2 vagas - 202,00 m² de área construída - 115,00 m² de terreno;202;115;2;2;1
BARCELONA;SAO CAETANO DO SUL;R$ 300.000,00;2 dormitórios - 1 vaga - 80,00 m² de área construída - 48,00 m² de terreno;Ref.: 62188;SOBRADO;2 dormitórios - 1 vaga - 80,00 m² de área construída - 48,00 m² de terreno;80;48;1;2;
BARCELONA;SAO CAETANO DO SUL;R$ 990.000,00;3 dormitórios - 1 suíte - 8 vagas - 347,00 m² de área construída - 290,00 m² de terreno;Ref.: 60508;SOBRADO;3 dormitórios - 1 suíte - 8 vagas - 347,00 m² de área construída - 290,00 m² de terreno;347;290;8;3;1
SANTO ANTONIO;SAO CAETANO DO SUL;R$ 850.000,00;3 dormitórios - 1 suíte - 2 vagas - 150,00 m² de área construída - 100,00 m² de terreno;Ref.: 62015;SOBRADO;3 dormitórios - 1 suíte - 2 vagas - 150,00 m² de área construída - 100,00 m² de terreno;150;100;2;3;1
BARCELONA;SAO CAETANO DO SUL;R$ 1.600.000,00;3 dormitórios - 6 vagas - 130,00 m² de área construída - 500,00 m² de terreno;Ref.: 61852;CASA;3 dormitórios - 6 vagas - 130,00 m² de área construída - 500,00 m² de terreno;130;500;6;3;
NOVA GERTI;SAO CAETANO DO SUL;R$ 660.000,00;2 dormitórios - 1 suíte - 3 vagas - 300,00 m² de terreno;Ref.: 62365;CASA TERREA;2 dormitórios - 1 suíte - 3 vagas - 300,00 m² de terreno;;300;3;2;1
BARCELONA;SAO CAETANO DO SUL;R$ 2.400.000,00;4 dormitórios - 1 suíte - 3 vagas - 500,00 m² de área construída - 700,00 m² de terreno;Ref.: 60649;CASA;4 dormitórios - 1 suíte - 3 vagas - 500,00 m² de área construída - 700,00 m² de terreno;500;700;3;4;1
BARCELONA;SAO CAETANO DO SUL;R$ 1.050.000,00;2 dormitórios - 1 vaga - 176,00 m² de área construída - 200,00 m² de terreno;Ref.: 61274;CASA TERREA;2 dormitórios - 1 vaga - 176,00 m² de área construída - 200,00 m² de terreno;176;200;1;2;
OSVALDO CRUZ;SAO CAETANO DO SUL;R$ 850.000,00;3 dormitórios - 2 vagas - 250,00 m² de terreno;Ref.: 61042;CASA ASSOBRADADA;3 dormitórios - 2 vagas - 250,00 m² de terreno;;250;2;3;
OLIMPICO;SAO CAETANO DO SUL;R$ 1.080.000,00;3 dormitórios - 1 suíte - 5 vagas - 230,00 m² de área construída - 380,00 m² de terreno;Ref.: 62184;CASA;3 dormitórios - 1 suíte - 5 vagas - 230,00 m² de área construída - 380,00 m² de terreno;230;380;5;3;1
BARCELONA;SAO CAETANO DO SUL;R$ 500.000,00;2 dormitórios - 1 suíte - 3 vagas - 100,00 m² de área construída - 154,00 m² de terreno;Ref.: 62292;CASA TERREA;2 dormitórios - 1 suíte - 3 vagas - 100,00 m² de área construída - 154,00 m² de terreno;100;154;3;2;1
BARCELONA;SAO CAETANO DO SUL;R$ 300.000,00;2 dormitórios - 1 vaga - 80,00 m² de área construída - 48,00 m² de terreno;Ref.: 62085;SOBRADO;2 dormitórios - 1 vaga - 80,00 m² de área construída - 48,00 m² de terreno;80;48;1;2;
JARDIM SAO CAETANO;SAO CAETANO DO SUL;R$ 480.000,00;2 dormitórios - 2 vagas - 122,00 m² de área construída - 110,71 m² de terreno;Ref.: 61941;SOBRADO;2 dormitórios - 2 vagas - 122,00 m² de área construída - 110,71 m² de terreno;122;110,71;2;2;
SANTA MARIA;SAO CAETANO DO SUL;R$ 1.200.000,00;2 dormitórios - 4 vagas - 200,00 m² de área construída - 500,00 m² de terreno;Ref.: 60873;CASA;2 dormitórios - 4 vagas - 200,00 m² de área construída - 500,00 m² de terreno;200;500;4;2;
JARDIM SAO CAETANO;SAO CAETANO DO SUL;R$ 550.000,00;2 dormitórios - 2 suítes - 1 vaga - 124,00 m² de área construída - 80,00 m² de terreno;Ref.: 61677;SOBRADO;2 dormitórios - 2 suítes - 1 vaga - 124,00 m² de área construída - 80,00 m² de terreno;124;80;1;2;2
SANTA MARIA;SAO CAETANO DO SUL;R$ 1.100.000,00;4 dormitórios - 4 suítes - 6 vagas - 330,00 m² de área construída - 320,00 m² de terreno;Ref.: 60647;SOBRADO;4 dormitórios - 4 suítes - 6 vagas - 330,00 m² de área construída - 320,00 m² de terreno;330;320;6;4;4
OLIMPICO;SAO CAETANO DO SUL;R$ 1.100.000,00;4 dormitórios - 1 suíte - 4 vagas - 258,80 m² de área construída - 143,00 m² de terreno;Ref.: 61756;SOBRADO;4 dormitórios - 1 suíte - 4 vagas - 258,80 m² de área construída - 143,00 m² de terreno;258,8;143;4;4;1
BARCELONA;SAO CAETANO DO SUL;R$ 650.000,00;3 dormitórios - 1 suíte - 2 vagas - 182,00 m² de área construída - 150,00 m² de terreno;Ref.: 62354;SOBRADO;3 dormitórios - 1 suíte - 2 vagas - 182,00 m² de área construída - 150,00 m² de terreno;182;150;2;3;1
SANTA MARIA;SAO CAETANO DO SUL;R$ 1.380.000,00;4 dormitórios - 1 suíte - 6 vagas - 340,00 m² de área construída - 198,00 m² de terreno;Ref.: 62135;SOBRADO;4 dormitórios - 1 suíte - 6 vagas - 340,00 m² de área construída - 198,00 m² de terreno;340;198;6;4;1
NOVA GERTI;SAO CAETANO DO SUL;R$ 550.000,00;3 dormitórios - 2 vagas - 151,00 m² de área construída - 216,00 m² de terreno;Ref.: 61384;CASA;3 dormitórios - 2 vagas - 151,00 m² de área construída - 216,00 m² de terreno;151;216;2;3;
BARCELONA;SAO CAETANO DO SUL;R$ 1.380.000,00;1 dormitório - 2 vagas - 100,00 m² de área construída - 450,00 m² de terreno;Ref.: 60179;CASA TERREA;1 dormitório - 2 vagas - 100,00 m² de área construída - 450,00 m² de terreno;100;450;2;1;
BARCELONA;SAO CAETANO DO SUL;R$ 300.000,00;2 dormitórios - 80,00 m² de área construída - 48,00 m² de terreno;Ref.: 62055;SOBRADO;2 dormitórios - 80,00 m² de área construída - 48,00 m² de terreno;80;48;;2;
SANTA PAULA;SAO CAETANO DO SUL;R$ 800.000,00;3 dormitórios - 1 suíte - 2 vagas - 228,00 m² de área construída - 167,90 m² de terreno;Ref.: 61170;SOBRADO;3 dormitórios - 1 suíte - 2 vagas - 228,00 m² de área construída - 167,90 m² de terreno;228;167,9;2;3;1
BARCELONA;SAO CAETANO DO SUL;R$ 300.000,00;2 dormitórios - 1 vaga - 80,00 m² de área construída - 48,00 m² de terreno;Ref.: 62189;SOBRADO;2 dormitórios - 1 vaga - 80,00 m² de área construída - 48,00 m² de terreno;80;48;1;2;
OSVALDO CRUZ;SAO CAETANO DO SUL;R$ 650.000,00;1 dormitório - 3 vagas - 182,00 m² de terreno;Ref.: 62017;CASA TERREA;1 dormitório - 3 vagas - 182,00 m² de terreno;;182;3;1;
SANTA MARIA;SAO CAETANO DO SUL;R$ 470.000,00;3 dormitórios - 1 suíte - 2 vagas - 110,00 m² de área construída - 63,00 m² de terreno;Ref.: 62195;SOBRADO;3 dormitórios - 1 suíte - 2 vagas - 110,00 m² de área construída - 63,00 m² de terreno;110;63;2;3;1
BARCELONA;SAO CAETANO DO SUL;R$ 600.000,00;3 dormitórios - 1 suíte - 2 vagas - 202,00 m² de área construída - 115,07 m² de terreno;Ref.: 60982;SOBRADO;3 dormitórios - 1 suíte - 2 vagas - 202,00 m² de área construída - 115,07 m² de terreno;202;115,07;2;3;1
SANTA PAULA;SAO CAETANO DO SUL;R$ 550.000,00;2 dormitórios - 2 vagas - 180,00 m² de área construída - 210,00 m² de terreno;Ref.: 62392;CASA;2 dormitórios - 2 vagas - 180,00 m² de área construída - 210,00 m² de terreno;180;210;2;2;
SANTA PAULA;SAO CAETANO DO SUL;R$ 2.200.000,00;3 dormitórios - 1 suíte - 7 vagas - 320,00 m² de área construída - 400,00 m² de terreno;Ref.: 59288;CASA;3 dormitórios - 1 suíte - 7 vagas - 320,00 m² de área construída - 400,00 m² de terreno;320;400;7;3;1
PROSPERIDADE;SAO CAETANO DO SUL;R$ 430.000,00;3 dormitórios - 1 suíte - 4 vagas - 228,00 m² de área construída - 230,00 m² de terreno;Ref.: 61617;SOBRADO;3 dormitórios - 1 suíte - 4 vagas - 228,00 m² de área construída - 230,00 m² de terreno;228;230;4;3;1
OLIMPICO;SAO CAETANO DO SUL;R$ 770.000,00;3 dormitórios - 3 vagas - 162,00 m² de área construída - 171,00 m² de terreno;Ref.: 61922;CASA;3 dormitórios - 3 vagas - 162,00 m² de área construída - 171,00 m² de terreno;162;171;3;3;
SANTA PAULA;SAO CAETANO DO SUL;R$ 900.000,00;1 dormitório - 4 vagas - 180,00 m² de área construída - 200,00 m² de terreno;Ref.: 61062;CASA;1 dormitório - 4 vagas - 180,00 m² de área construída - 200,00 m² de terreno;180;200;4;1;
OLIMPICO;SAO CAETANO DO SUL;R$ 770.000,00;2 dormitórios - 3 vagas - 237,00 m² de área construída - 270,00 m² de terreno;Ref.: 61143;CASA;2 dormitórios - 3 vagas - 237,00 m² de área construída - 270,00 m² de terreno;237;270;3;2;
BARCELONA;SAO CAETANO DO SUL;R$ 720.000,00;2 dormitórios - 4 vagas - 226,00 m² de área construída - 220,00 m² de terreno;Ref.: 62382;CASA;2 dormitórios - 4 vagas - 226,00 m² de área construída - 220,00 m² de terreno;226;220;4;2;
BARCELONA;SAO CAETANO DO SUL;R$ 950.000,00;3 dormitórios - 2 vagas - 217,00 m² de área construída - 177,00 m² de terreno;Ref.: 61709;SOBRADO;3 dormitórios - 2 vagas - 217,00 m² de área construída - 177,00 m² de terreno;217;177;2;3;
SANTA PAULA;SAO CAETANO DO SUL;R$ 650.000,00;2 dormitórios - 1 suíte - 3 vagas - 135,00 m² de área construída - 199,00 m² de terreno;Ref.: 61630;CASA;2 dormitórios - 1 suíte - 3 vagas - 135,00 m² de área construída - 199,00 m² de terreno;135;199;3;2;1
BARCELONA;SAO CAETANO DO SUL;R$ 550.000,00;2 dormitórios - 2 vagas - 166,00 m² de área construída;Ref.: 62220;SOBRADO;2 dormitórios - 2 vagas - 166,00 m² de área construída;166;;2;2;
SANTA MARIA;SAO CAETANO DO SUL;R$ 850.000,00;3 dormitórios - 1 suíte - 6 vagas - 267,00 m² de área construída - 166,70 m² de terreno;Ref.: 59906;SOBRADO;3 dormitórios - 1 suíte - 6 vagas - 267,00 m² de área construída - 166,70 m² de terreno;267;166,7;6;3;1
BARCELONA;SAO CAETANO DO SUL;R$ 750.000,00;2 dormitórios - 1 suíte - 4 vagas - 252,00 m² de área construída - 154,00 m² de terreno;Ref.: 61022;CASA;2 dormitórios - 1 suíte - 4 vagas - 252,00 m² de área construída - 154,00 m² de terreno;252;154;4;2;1
SANTA MARIA;SAO CAETANO DO SUL;R$ 480.000,00;2 dormitórios - 1 vaga - 100,00 m² de área construída - 60,00 m² de terreno;Ref.: 62324;SOBRADO;2 dormitórios - 1 vaga - 100,00 m² de área construída - 60,00 m² de terreno;100;60;1;2;
BARCELONA;SAO CAETANO DO SUL;R$ 620.000,00;3 dormitórios - 1 suíte - 2 vagas - 200,00 m² de área construída - 90,62 m² de terreno;Ref.: 62076;SOBRADO;3 dormitórios - 1 suíte - 2 vagas - 200,00 m² de área construída - 90,62 m² de terreno;200;90,62;2;3;1
SANTA MARIA;SAO CAETANO DO SUL;R$ 1.200.000,00;3 dormitórios - 2 suítes - 1 vaga - 300,00 m² de área construída - 325,00 m² de terreno;Ref.: 62228;CASA TERREA;3 dormitórios - 2 suítes - 1 vaga - 300,00 m² de área construída - 325,00 m² de terreno;300;325;1;3;2
OLIMPICO;SAO CAETANO DO SUL;R$ 750.000,00;2 dormitórios - 2 vagas - 142,42 m² de área construída - 266,00 m² de terreno;Ref.: 61567;CASA;2 dormitórios - 2 vagas - 142,42 m² de área construída - 266,00 m² de terreno;142,42;266;2;2;
CERAMICA;SAO CAETANO DO SUL;R$ 650.000,00;2 dormitórios - 3 vagas - 122,00 m² de área construída - 161,32 m² de terreno;Ref.: 61699;CASA;2 dormitórios - 3 vagas - 122,00 m² de área construída - 161,32 m² de terreno;122;161,32;3;2;
SANTA MARIA;SAO CAETANO DO SUL;R$ 410.000,00;2 dormitórios - 3 vagas - 112,00 m² de área construída - 190,00 m² de terreno;Ref.: 61942;CASA;2 dormitórios - 3 vagas - 112,00 m² de área construída - 190,00 m² de terreno;112;190;3;2;
BARCELONA;SAO CAETANO DO SUL;R$ 690.000,00;5 dormitórios - 4 vagas - 500,00 m² de área construída - 356,00 m² de terreno;Ref.: 62187;SOBRADO;5 dormitórios - 4 vagas - 500,00 m² de área construída - 356,00 m² de terreno;500;356;4;5;
BARCELONA;SAO CAETANO DO SUL;R$ 954.000,00;3 dormitórios - 3 suítes - 3 vagas - 300,00 m² de área construída - 230,00 m² de terreno;Ref.: 61925;CASA TERREA;3 dormitórios - 3 suítes - 3 vagas - 300,00 m² de área construída - 230,00 m² de terreno;300;230;3;3;3
SANTA MARIA;SAO CAETANO DO SUL;R$ 630.000,00;3 dormitórios - 1 suíte - 2 vagas - 142,00 m² de área construída - 123,00 m² de terreno;Ref.: 62338;SOBRADO;3 dormitórios - 1 suíte - 2 vagas - 142,00 m² de área construída - 123,00 m² de terreno;142;123;2;3;1
NOVA GERTI;SAO CAETANO DO SUL;R$ 595.000,00;2 dormitórios - 7 vagas - 150,00 m² de área construída - 310,00 m² de terreno;Ref.: 60604;CASA;2 dormitórios - 7 vagas - 150,00 m² de área construída - 310,00 m² de terreno;150;310;7;2;
BARCELONA;SAO CAETANO DO SUL;R$ 990.000,00;3 dormitórios - 3 suítes - 3 vagas - 211,00 m² de área construída - 200,00 m² de terreno;Ref.: 61396;SOBRADO;3 dormitórios - 3 suítes - 3 vagas - 211,00 m² de área construída - 200,00 m² de terreno;211;200;3;3;3
SANTA MARIA;SAO CAETANO DO SUL;R$ 700.000,00;3 dormitórios - 3 suítes - 4 vagas - 92,40 m² de terreno;Ref.: 61960;SOBRADO;3 dormitórios - 3 suítes - 4 vagas - 92,40 m² de terreno;;92,4;4;3;3
OLIMPICO;SAO CAETANO DO SUL;R$ 870.000,00;4 dormitórios - 2 suítes - 4 vagas - 189,00 m² de área construída - 140,00 m² de terreno;Ref.: 61273;SOBRADO;4 dormitórios - 2 suítes - 4 vagas - 189,00 m² de área construída - 140,00 m² de terreno;189;140;4;4;2
SANTA MARIA;SAO CAETANO DO SUL;R$ 690.000,00;3 dormitórios - 2 vagas - 140,00 m² de área construída - 70,00 m² de terreno;Ref.: 62125;SOBRADO;3 dormitórios - 2 vagas - 140,00 m² de área construída - 70,00 m² de terreno;140;70;2;3;
CERAMICA;SAO CAETANO DO SUL;R$ 900.000,00;3 dormitórios - 1 suíte - 6 vagas - 244,00 m² de área construída - 217,00 m² de terreno;Ref.: 61264;SOBRADO;3 dormitórios - 1 suíte - 6 vagas - 244,00 m² de área construída - 217,00 m² de terreno;244;217;6;3;1
BARCELONA;SAO CAETANO DO SUL;R$ 580.000,00;3 dormitórios - 1 suíte - 2 vagas - 158,00 m² de área construída - 179,65 m² de terreno;Ref.: 62372;SOBRADO;3 dormitórios - 1 suíte - 2 vagas - 158,00 m² de área construída - 179,65 m² de terreno;158;179,65;2;3;1
SANTA MARIA;SAO CAETANO DO SUL;R$ 600.000,00;2 dormitórios - 3 vagas - 150,00 m² de área construída - 250,00 m² de terreno;Ref.: 62312;CASA TERREA;2 dormitórios - 3 vagas - 150,00 m² de área construída - 250,00 m² de terreno;150;250;3;2;
BARCELONA;SAO CAETANO DO SUL;R$ 1.950.000,00;2 dormitórios - 2 vagas - 200,00 m² de área construída - 780,00 m² de terreno;Ref.: 61549;CASA;2 dormitórios - 2 vagas - 200,00 m² de área construída - 780,00 m² de terreno;200;780;2;2;
BARCELONA;SAO CAETANO DO SUL;R$ 850.000,00;3 dormitórios - 1 suíte - 2 vagas - 305,00 m² de área construída - 159,25 m² de terreno;Ref.: 61415;SOBRADO;3 dormitórios - 1 suíte - 2 vagas - 305,00 m² de área construída - 159,25 m² de terreno;305;159,25;2;3;1
BARCELONA;SAO CAETANO DO SUL;R$ 550.000,00;2 dormitórios - 6 vagas - 120,00 m² de área construída - 255,00 m² de terreno;Ref.: 62316;CASA TERREA;2 dormitórios - 6 vagas - 120,00 m² de área construída - 255,00 m² de terreno;120;255;6;2;
MAUA;SAO CAETANO DO SUL;R$ 550.000,00;3 dormitórios - 1 suíte - 3 vagas - 105,00 m² de área construída - 131,00 m² de terreno;Ref.: 62378;CASA;3 dormitórios - 1 suíte - 3 vagas - 105,00 m² de área construída - 131,00 m² de terreno;105;131;3;3;1
SANTA MARIA;SAO CAETANO DO SUL;R$ 620.000,00;3 dormitórios - 2 vagas - 98,00 m² de área construída - 66,00 m² de terreno;Ref.: 62244;SOBRADO;3 dormitórios - 2 vagas - 98,00 m² de área construída - 66,00 m² de terreno;98;66;2;3;
OLIMPICO;SAO CAETANO DO SUL;R$ 800.000,00;3 dormitórios - 1 suíte - 3 vagas - 333,00 m² de área construída - 222,50 m² de terreno;Ref.: 61234;CASA;3 dormitórios - 1 suíte - 3 vagas - 333,00 m² de área construída - 222,50 m² de terreno;333;222,5;3;3;1
SANTA MARIA;SAO CAETANO DO SUL;R$ 640.000,00;2 dormitórios - 1 vaga - 90,00 m² de área construída - 150,00 m² de terreno;Ref.: 61132;CASA;2 dormitórios - 1 vaga - 90,00 m² de área construída - 150,00 m² de terreno;90;150;1;2;
OSVALDO CRUZ;SAO CAETANO DO SUL;R$ 430.000,00;2 dormitórios - 1 vaga - 94,00 m² de área construída - 69,00 m² de terreno;Ref.: 62355;SOBRADO;2 dormitórios - 1 vaga - 94,00 m² de área construída - 69,00 m² de terreno;94;69;1;2;
SANTA PAULA;SAO CAETANO DO SUL;R$ 890.000,00;4 dormitórios - 5 vagas - 210,00 m² de área construída - 175,00 m² de terreno;Ref.: 61612;SOBRADO;4 dormitórios - 5 vagas - 210,00 m² de área construída - 175,00 m² de terreno;210;175;5;4;
SANTA MARIA;SAO CAETANO DO SUL;R$ 900.000,00;3 dormitórios - 3 suítes - 5 vagas - 290,00 m² de área construída - 147,00 m² de terreno;Ref.: 62197;SOBRADO;3 dormitórios - 3 suítes - 5 vagas - 290,00 m² de área construída - 147,00 m² de terreno;290;147;5;3;3
OSVALDO CRUZ;SAO CAETANO DO SUL;R$ 670.000,00;3 dormitórios - 2 suítes - 2 vagas - 207,00 m² de área construída - 133,90 m² de terreno;Ref.: 62373;SOBRADO;3 dormitórios - 2 suítes - 2 vagas - 207,00 m² de área construída - 133,90 m² de terreno;207;133,9;2;3;2
SANTA MARIA;SAO CAETANO DO SUL;R$ 1.150.000,00;2 dormitórios - 2 vagas - 200,00 m² de área construída - 500,00 m² de terreno;Ref.: 60871;CASA;2 dormitórios - 2 vagas - 200,00 m² de área construída - 500,00 m² de terreno;200;500;2;2;
BOA VISTA;SAO CAETANO DO SUL;R$ 600.000,00;3 dormitórios - 2 vagas - 167,00 m² de área construída - 108,32 m² de terreno;Ref.: 61879;SOBRADO;3 dormitórios - 2 vagas - 167,00 m² de área construída - 108,32 m² de terreno;167;108,32;2;3;
SANTA MARIA;SAO CAETANO DO SUL;R$ 450.000,00;2 dormitórios - 1 vaga - 96,00 m² de área construída - 115,00 m² de terreno;Ref.: 61705;CASA TERREA;2 dormitórios - 1 vaga - 96,00 m² de área construída - 115,00 m² de terreno;96;115;1;2;
SANTA MARIA;SAO CAETANO DO SUL;R$ 430.000,00;3 dormitórios - 1 suíte - 2 vagas - 106,00 m² de área construída - 60,00 m² de terreno;Ref.: 60710;SOBRADO;3 dormitórios - 1 suíte - 2 vagas - 106,00 m² de área construída - 60,00 m² de terreno;106;60;2;3;1
CERAMICA;SAO CAETANO DO SUL;R$ 375.000,00;1 dormitório - 1 vaga - 71,00 m² de área construída - 81,00 m² de terreno;Ref.: 62198;CASA TERREA;1 dormitório - 1 vaga - 71,00 m² de área construída - 81,00 m² de terreno;71;81;1;1;
SANTA MARIA;SAO CAETANO DO SUL;R$ 500.000,00;3 dormitórios - 2 vagas - 120,00 m² de área construída - 125,00 m² de terreno;Ref.: 61835;SOBRADO;3 dormitórios - 2 vagas - 120,00 m² de área construída - 125,00 m² de terreno;120;125;2;3;
BARCELONA;SAO CAETANO DO SUL;R$ 1.100.000,00;2 dormitórios - 1 suíte - 6 vagas - 129,00 m² de área construída - 200,00 m² de terreno;Ref.: 61903;CASA TERREA;2 dormitórios - 1 suíte - 6 vagas - 129,00 m² de área construída - 200,00 m² de terreno;129;200;6;2;1
NOVA GERTI;SAO CAETANO DO SUL;R$ 700.000,00;3 dormitórios - 1 suíte - 2 vagas - 190,00 m² de área construída - 99,60 m² de terreno;Ref.: 60792;SOBRADO;3 dormitórios - 1 suíte - 2 vagas - 190,00 m² de área construída - 99,60 m² de terreno;190;99,6;2;3;1
SANTA MARIA;SAO CAETANO DO SUL;R$ 450.000,00;1 dormitório - 133,00 m² de área construída - 208,60 m² de terreno;Ref.: 62358;CASA;1 dormitório - 133,00 m² de área construída - 208,60 m² de terreno;133;208,6;;1;
NOVA GERTI;SAO CAETANO DO SUL;R$ 560.000,00;2 dormitórios - 7 vagas - 160,00 m² de área construída - 324,00 m² de terreno;Ref.: 61996;CASA TERREA;2 dormitórios - 7 vagas - 160,00 m² de área construída - 324,00 m² de terreno;160;324;7;2;
OLIMPICO;SAO CAETANO DO SUL;R$ 750.000,00;2 dormitórios - 1 vaga - 310,00 m² de área construída - 130,00 m² de terreno;Ref.: 62226;SOBRADO;2 dormitórios - 1 vaga - 310,00 m² de área construída - 130,00 m² de terreno;310;130;1;2;
OLIMPICO;SAO CAETANO DO SUL;R$ 890.000,00;2 dormitórios - 5 vagas - 200,00 m² de área construída - 320,00 m² de terreno;Ref.: 61846;CASA;2 dormitórios - 5 vagas - 200,00 m² de área construída - 320,00 m² de terreno;200;320;5;2;
